﻿{"cameraMode":{"drawMode":0,"name":"Shaded","section":"Shading Mode"},"sceneLighting":false,"audioPlay":false,"sceneViewState":{"showFog":true,"showMaterialUpdate":false,"showSkybox":false,"showFlares":true,"showImageEffects":true,"showParticleSystems":true},"in2DMode":false,"pivot":{"x":0.00047391653060913086,"y":0.47796934843063357,"z":-6.953431129455566},"rotation":{"x":-0.14454616606235505,"y":0.1718297153711319,"z":-0.025496970862150193,"w":-0.9741308093070984},"size":2.3919951915740969,"orthographic":false}