﻿{"cameraMode":{"drawMode":0,"name":"Shaded","section":"Shading Mode"},"sceneLighting":false,"audioPlay":false,"sceneViewState":{"showFog":true,"showMaterialUpdate":false,"showSkybox":false,"showFlares":true,"showImageEffects":true,"showParticleSystems":true},"in2DMode":false,"pivot":{"x":0.0,"y":0.694171130657196,"z":0.11654961109161377},"rotation":{"x":-0.14454616606235505,"y":0.1718297153711319,"z":-0.025496970862150193,"w":-0.9741308093070984},"size":6.152616500854492,"orthographic":false}