﻿{"cameraMode":{"drawMode":0,"name":"Shaded","section":"Shading Mode"},"sceneLighting":false,"audioPlay":false,"sceneViewState":{"showFog":true,"showMaterialUpdate":false,"showSkybox":false,"showFlares":true,"showImageEffects":true,"showParticleSystems":true},"in2DMode":false,"pivot":{"x":8.846944808959961,"y":0.17055021226406098,"z":-0.3961382210254669},"rotation":{"x":-0.0598418228328228,"y":0.3239571154117584,"z":-0.020537149161100389,"w":-0.9439539313316345},"size":3.4958221912384035,"orthographic":false}