﻿{"cameraMode":{"drawMode":0,"name":"Shaded","section":"Shading Mode"},"sceneLighting":false,"audioPlay":false,"sceneViewState":{"showFog":true,"showMaterialUpdate":false,"showSkybox":false,"showFlares":true,"showImageEffects":true,"showParticleSystems":true},"in2DMode":false,"pivot":{"x":0.0,"y":0.48719972372055056,"z":2.9802322387695315e-8},"rotation":{"x":-0.14454616606235505,"y":0.1718297153711319,"z":-0.025496970862150193,"w":-0.9741308093070984},"size":2.4304957389831545,"orthographic":false}