﻿{"cameraMode":{"drawMode":0,"name":"Shaded","section":"Shading Mode"},"sceneLighting":true,"audioPlay":false,"sceneViewState":{"showFog":true,"showMaterialUpdate":false,"showSkybox":true,"showFlares":true,"showImageEffects":true,"showParticleSystems":true},"in2DMode":false,"pivot":{"x":-0.901718020439148,"y":0.8567663431167603,"z":-6.5347490310668949},"rotation":{"x":-0.12738275527954102,"y":-0.035107094794511798,"z":0.004511598497629166,"w":-0.9912219047546387},"size":3.120810031890869,"orthographic":false}